Department,Attrition Rate
Engineering,53.431372549019606
Finance,51.94174757281553
HR,50.26178010471204
Sales,49.282296650717704
Marketing,42.10526315789473
